comment_text,confidence_score,id,predicted_label,published_at,source
عطنا رابطهم لاهنت,,421,,2024-07-31 20:13:31+00:00,
لارابط ولا اسم ولا صورة ولاشيء,,420,,2024-07-31 23:21:36+00:00,
64B2214DCCGCR,,419,,2024-08-01 22:18:19+00:00,
64B2214DCCGCR,,418,,2024-08-01 22:20:27+00:00,
كودي 6D5A0497DEGCR شغال 100% برق جربته أنا وا لعبت العبه جبت 27ريال 🤍,,417,,2024-08-01 23:19:05+00:00,
CF00EFD9C2GCR  كودي اللي يبي يلعب معي ويكسب,,416,,2024-08-02 02:32:16+00:00,
كودي <br>D89FCB27C9GCR<br>اللهم ارزقني وارزق مني,,415,,2024-08-03 05:34:56+00:00,
كم المده وتوصل,,473,,2024-08-10 01:46:40+00:00,
اخوي شاركت الكود لا اكثر من شخصين ولا جتني محاولة وشهو الحل ؟,,472,,2024-08-10 20:13:28+00:00,
كودي في برق 1394742EA7GCR,,471,,2024-08-10 23:47:24+00:00,
أنا عندي 11.30 ريال في العبه كيف حوله في المحفظه  كمان عندي بطاقة رصيدي حالي 0,,470,,2024-08-12 07:49:20+00:00,
البطاقة البلاستيكية جربتها عبر نقاط البيع تم رفضها واضفتها في محفظة مدى باي تم رفضها ويش المشكلة تتوقعون رغم تم تنشيطها,,469,,2024-08-12 14:03:43+00:00,
يا هلا! ✨<br><br>مليييووون ريال في مركز الألعاب في برق ⚡️⚡️<br><br>العب باستخدام (دعوتي) عشان يجيك تجربة لعب مجانية ومكافآت توصل لمليووون ريال 💸.<br><br>سجّل والعب الحين! <br>رمز الدعوة - 4F9B66B359GCR <br><br>🚀 🚀 🚀,,414,,2024-08-13 14:29:45+00:00,
طيب كيف اعرف اذا البطاقة جايتني,,468,,2024-08-15 16:41:55+00:00,
مش راضي يطلب بطاقه بيقولي الخدمه غير متوفره,,467,,2024-08-16 03:02:15+00:00,
يا هلا! ✨<br><br>مليييووون ريال في مركز الألعاب في برق ⚡️⚡️<br><br>العب باستخدام (دعوتي) عشان يجيك تجربة لعب مجانية ومكافآت توصل لمليووون ريال 💸.<br> <br>سجّل والعب الحين! <br> رمز الدعوة - 9CB9485497GCR <br><br>🚀 🚀 🚀,,413,,2024-08-16 18:28:07+00:00,
"‏5 ,محاولات ادا ما جت كلمني.  C4AC76AF92GCR",,412,,2024-08-18 00:09:33+00:00,
هل هي بفلوس ولا ؟,,466,,2024-08-18 15:25:08+00:00,
اخوي كيف اعرف بتوصلني لاني قربت سفرتي وصار ٤ ايام طلبتها للبيت,,465,,2024-08-19 02:46:18+00:00,
D7A858686AGCR,,464,,2024-08-22 07:43:08+00:00,
اقدر اشتري من اي مكان واعبي من اي محطة؟؟,,660,,2024-08-22 11:49:22+00:00,
بقدر اعملها في الجزائر,,659,,2024-08-22 12:06:47+00:00,
07AF005ACAGCR,,463,,2024-08-22 12:58:01+00:00,
07AF005ACAGCR,,658,,2024-08-22 12:59:03+00:00,
طيب الله يعافيك كيف افعل بطاقة,,657,,2024-08-23 13:45:31+00:00,
طيب تجيني مكالمه إذا وصلت ؟,,462,,2024-08-24 09:08:02+00:00,
البطاقه بفلوس تطلبه ؟,,656,,2024-08-25 08:22:27+00:00,
لي 5 ايام طالبها م جات فيه احد جاته ؟,,461,,2024-08-25 16:44:58+00:00,
ياخي خايف من التطبيق ذا مضمون ؟,,655,,2024-08-25 23:57:29+00:00,
السلام عليكم ، جاني اتصال منهم عشان التاكد بس يتكلمون انجليزي و مدري وش قاعدين يقولون,,654,,2024-08-27 07:36:48+00:00,
هل يستخدم في سلطنه عمان ولا السعوديه بس,,653,,2024-08-27 10:18:47+00:00,
AE3642BC14GCR :دعوة صديق,,652,,2024-08-27 15:26:09+00:00,
ردت اسجل بي مايصير بل عراق عله رقمنه ليش,,651,,2024-08-27 18:17:51+00:00,
هل التطبيق موجود على الاندرويد,,650,,2024-08-28 01:05:13+00:00,
ياغالي عندي سؤال لو سمحت هل اقدر ان افعلها وانا في الامارات ؟,,460,,2024-08-28 08:49:19+00:00,
اذا اقامتي منتهية اقدر؟,,649,,2024-08-28 20:56:49+00:00,
كاعد ادخل رقمي يكلي الرقم غير صحيح ؟؟؟ عراقي ؟؟,,648,,2024-08-29 13:07:00+00:00,
رد على الاخوان اللي يسألون عن رسوم البطاقه احب اقولهم البطاقه مجانية مدى الحياة حسب ماهو موضح فالتطبيق وبدون رسوم وكذالك محفظة برق هي محفظة رقمية سعودية ولا تعمل الا على رقم تلفون سعودي ،، وشكرا للاخ احمد اللذي قام على اعداد هذا الفيديو الأكثر من رائع واللذي وضح فيه بكل احترافيه جميع مايتعلق بالبطاقه من الاف الي الياء ،، تقبل تحياتي استاذ احمد وبارك الله فيك وفي جهودك 🌹🌹,,647,,2024-08-30 03:11:42+00:00,
BF3A3CB972GCR<br><br><br>كودي الله يسعدكم ويرزقكم يارب,,646,,2024-08-31 02:02:52+00:00,
4D8E49ECDAGCR الكود حقي لاتقصرون,,459,,2024-08-31 15:16:40+00:00,
اقدر اطلب من المواقع الاجنبيه زي ايهرب بهذه البطاقة؟,,645,,2024-09-02 07:17:33+00:00,
كيف أفعلها بطاقه,,644,,2024-09-02 09:40:12+00:00,
كيف افعل بطاقة,,458,,2024-09-02 10:22:56+00:00,
طبعا هذا حاليا لين يجيهم عدد من الناس و ثم فجاة تتغير الشروط والامتيازات ذي و تصير دبل و ثري,,411,,2024-09-03 07:27:23+00:00,
جزاك الله خير وبارك الله فيك,,643,,2024-09-04 11:19:18+00:00,
‏يا جماعة الرد الآلي يتكلم إنجليزي وأنا ما افهم إنجليزي وش الحل😂,,642,,2024-09-05 11:21:50+00:00,
هل يمكن التعامل مع هذه البطاقه بالعملات الرقمية ؟؟؟,,641,,2024-09-05 16:45:17+00:00,
‏0B03AABAB5GCR,,640,,2024-09-07 23:42:40+00:00,
الكود 51396BE18BGCR,,639,,2024-09-08 23:02:00+00:00,
ياخي مو مرتاح اخاف انه يعتبر قمار اللي يعرف حكمه يعلمني ؟,,638,,2024-09-09 13:13:29+00:00,
في BUK برق ١٣ ريال كيف اطلعها,,410,,2024-09-09 17:48:34+00:00,
سلام لما احط تفعيل معرفة الوجه يحط ان فيه مشكله من الاعدادات ومافيه شي كل شي مفعل ايش الحل,,637,,2024-09-11 02:02:09+00:00,
و هل يعمل هنا في الجزائر اخي,,636,,2024-09-11 19:28:45+00:00,
السلام عليكم ورحمة الله وبركاته <br>انا نزلت التطبيق بحول اسجل بديني الرقم خطا,,635,,2024-09-13 23:53:04+00:00,
17DCA2F795GCR,,634,,2024-09-14 09:55:02+00:00,
بيقولي رقم التليفون غلط,,633,,2024-09-15 17:36:12+00:00,
598E5E2F0CGCR,,632,,2024-09-16 10:22:29+00:00,
طيب كيف افعل البطاقه,,631,,2024-09-16 12:57:02+00:00,
طلبت من 15 يوم ماوصلت ليه😭,,630,,2024-09-16 18:39:57+00:00,
لو سمحتم طلعت بطاقة ولم تتفعل عندي <br>وتم تنشيط البطاقه <br>عندي <br>ولم اقدر اسحب من نقاط البيع,,629,,2024-09-17 18:09:59+00:00,
كيف اسجل من جديد في تطبيق,,628,,2024-09-17 22:46:39+00:00,
ارجو الرد علا سألي هلا عندهم بطاقة مدى ولا بس فيزا,,457,,2024-09-21 21:44:20+00:00,
ياعيال انا عندي بنك الرياض بعد ماطلعتها يضرها ولا ؟,,627,,2024-09-28 21:02:34+00:00,
انا باجي ادخل رقمي ما بيرضاش,,626,,2024-10-01 10:23:22+00:00,
انا باجي ادخل رقمي ما بيرضاش هو لازم ابقى موجود في السعوديه عشان يشتغل,,625,,2024-10-01 10:23:53+00:00,
انا باجي ادخل رقمي ما بيرضاش هو لازم ابقى موجود في السعوديه عشان يشتغل,,624,,2024-10-01 10:24:12+00:00,
80B5157D61GCR,,623,,2024-10-01 17:34:14+00:00,
عندي سؤال بس هل اقدر استخدم اس تي سي باي الفيزا في علي اكسبرس,,376,,2024-10-05 07:33:20+00:00,
ممكن شرح التحويل الدولي ؟,,622,,2024-10-06 21:17:19+00:00,
أنا عندي إس تي سي باي هل إذا فعلت برق هل يضر <br>أرجو الإفادة🌹,,621,,2024-10-07 15:59:05+00:00,
حولت مبلغ على محفظة برق وماوصلني ايش السبب,,375,,2024-10-08 15:09:17+00:00,
طيب في الصرافة والدفع مرفوووضة ليش ؟,,374,,2024-10-08 17:19:12+00:00,
اقدر اسحب من اي صراف داخل المملكه؟؟ وبدون مصارف سحب؟؟,,409,,2024-10-09 19:33:46+00:00,
كيف إلغاء خروج من تطبيق برق نهائي و كل ما احط رقم جوالي ما يجي رمز تحقق,,620,,2024-10-12 02:27:49+00:00,
كم حساب اقدر اسوي ؟ يعني كم بطاقة اقدر اصدر,,619,,2024-10-12 16:58:40+00:00,
"والله انك ماصدقت انا سحبت في النمسا 50 يورو ويشهد الله انهم خصموا 5 يورو زياده<br>وهذا الدليل<br>سحب صراف آلي دولي<br>بطاقة فيزا: **٠٠٠٠٠٠<br>مبلغ: 54.95 EUR (226.16 SAR) <br>لدى :SEEGASSE 12<br>في: 2024-10-12 <a href=""https://www.youtube.com/watch?v=3sN0MnRuADw&amp;t=1284"">21:24</a><br>وانا اصلا سحبت 50 يورو بس",,408,,2024-10-12 21:13:18+00:00,
تشتغل في اي دوله,,373,,2024-10-13 10:43:37+00:00,
انا طلعت لون احمر في التطبيق لاكن لما وصلتني البطاقه طلع لونه أزرق  ماحبيت دا لون  هل اقدر أرجعه  ويبادلوني بنفس اللون زي إلي في التطبيق  أحمر  وكيف الطريقه,,372,,2024-10-17 13:29:49+00:00,
يعيال أنا سجلت وماطلعت لي الالعاب,,618,,2024-10-19 18:48:18+00:00,
هل أستطيع استخدامها في استئجار السيارات بالخارج كبطاقة إئتمانية  ؟<br>هل استطيع استخدامها في السوبر ماركت مثل بطاقة مدى  ؟,,371,,2024-10-26 16:18:06+00:00,
هل أستطيع استخدامها في استئجار السيارات بالخارج كبطاقة إئتمانية  ؟<br>هل استطيع استخدامها في السوبر ماركت مثل بطاقة مدى  ؟,,617,,2024-10-26 16:20:36+00:00,
طيب انا يجيني انصال وش اضغط ولا انتظر تخلص المكالمه,,456,,2024-10-27 06:52:22+00:00,
الله يتزك خير اخي ❤,,616,,2024-10-27 11:54:29+00:00,
محد شرح بالنسبه لتحويل العملة,,615,,2024-10-28 03:31:03+00:00,
هل فيه رسوم لمن أحول من بطاقتي الاساسيه لمحفظة برق ؟,,370,,2024-10-28 18:54:45+00:00,
يخوان عندي مشكله انا مسجل وكل شي ولكن سويت تسجيل خروج ولما اسجل ثاني مره واحط رقمي مايقول رمز تحقق يحول على خانه اكتب رقم هويتك ومتى انولدت ولما اكتب يقولي خطاء في التحقق؟,,614,,2024-10-30 09:15:24+00:00,
نزلت التطبيق وعند التسجيل يقول رقم الهاتف غير مسجل على هويتك ‏‪,,613,,2024-11-02 12:46:41+00:00,
كيف استلم البطاقة وهل في مكان صارفه معين استعملها ولا اقدر استعمل بطاقة برق علي اي صراف الراجحي او الاهلي,,612,,2024-11-02 20:41:19+00:00,
انا بحول علي مصر فودافون كاش بكتب الاسم بيقولي الاسم غير صحيح ازي مش فاهم الرجاء الرد,,611,,2024-11-03 19:43:00+00:00,
كود الدعوه: ‏0DC50B4B9BGCR<br>يعطيك تجرّبه لعب كل نقطه ب 0.50 ريال ويتدبل كل راوند,,610,,2024-11-06 08:29:28+00:00,
شرح كافي وافي شكرا لك.,,609,,2024-11-07 00:04:11+00:00,
مو راضة احث البطاقهف المحفظة,,608,,2024-11-07 03:12:43+00:00,
ممكن رقم دعوه,,607,,2024-11-07 21:11:06+00:00,
التوصيل على أي شركة؟,,455,,2024-11-09 13:02:54+00:00,
لو أنا خارج السعوديه وانا غير سعودي هل استطيع التسجيل,,606,,2024-11-09 21:49:20+00:00,
ترا فيها كاش باك بلعبة عجلة الحظ,,407,,2024-11-15 13:35:36+00:00,
C0C9A7D8F6GCRرمز دعوه,,605,,2024-11-21 01:38:20+00:00,
تطبيق حراميه محول امس1900لواحد <br>الراجحي وما وصلت ندق علي خدمه العملاء مايردووا,,369,,2024-11-21 15:12:13+00:00,
طلبتها لها ثلاثه ايام متي رح توصل الرجاء الرد,,368,,2024-11-25 08:13:46+00:00,
جربتها في اغلب الصرافات ماتسحب كاش,,367,,2024-11-29 06:19:26+00:00,
ممكن تضيف رمز الدعوة 15D01E6179GCR,,366,,2024-12-03 11:53:50+00:00,
التطبيق والبطاقة غير فعالين حولت منذ أسبوع ولم تصل الحوالة حتى الآن وماعليهم الا فتح تذكرة ومافي حل,,365,,2024-12-03 19:46:32+00:00,
B051E839DAGCR,,364,,2024-12-05 17:35:40+00:00,
هل اقدر اطلبها وما عندي.ابشر وهل يمديها يحول لي فيها من اي بنك  وقدر اسحبها وهل فيها رقم ايبان، ااذ ودي يحول لي فيها,,363,,2024-12-08 11:48:59+00:00,
اللي يتصل علي يتكلم انجليزي ليه ؟,,454,,2024-12-10 15:13:51+00:00,
السلام عليكم كيف لو طلعت بطاقه رقميه كيف استخدمها,,362,,2024-12-10 19:22:15+00:00,
يحتاج رقم دعوة من صديق وماعندى,,604,,2024-12-11 08:41:33+00:00,
هل اقدر اسحب كاش من أي بنك صرافة في السعودي بالبطاقة برق,,361,,2024-12-12 02:09:24+00:00,
في كم يوم توصل؟؟؟,,453,,2024-12-14 17:20:40+00:00,
جربتها جميله وصار لها معي ٤ اشهر<br>في الصين وتركيا ودبي جميله جدا انصحكم فيها,,360,,2024-12-16 11:14:28+00:00,
حتى اني كنت في تركيا وماسحبت معي مدى بنك الاهلي حمدالله ان برق معي وسحب,,359,,2024-12-16 11:15:03+00:00,
مو صحيح. انا الامس سحبت منها فلوس في تايلند واخذوا عليي سعر الصرف. بطاقة برق كذب,,406,,2024-12-17 05:22:41+00:00,
تطبيق فاشل مسجل معاهم سنه وكل ما ادخل لابد رقم الجوال وتاريخ الميلاد ورقم الهوية الوطنية <br>كلمة خدمة العملاء بلا نتيجه  مو معقولة كل دخول لابد السجل بياناتك هل في حل ؟,,603,,2024-12-17 16:54:52+00:00,
لو سمحت أنا عندي ماجاش اتصل علشان البطاقه تصدر,,602,,2024-12-17 18:47:49+00:00,
ابي اطلع بطاقة برق من نفس برنامج برق بس يقول لي لم يتم التحقق من IVR,,601,,2024-12-17 19:29:06+00:00,
طيب اقدر اضيف بطاقة برق نفس الرقم الجوال الي موجود في الراجحي ولا لازم رقم جوال ثاني اتمناء الرد 🩵🩵🩵,,405,,2024-12-17 23:21:58+00:00,
الكاش باك وينه,,600,,2024-12-18 15:14:35+00:00,
التطبيق يرفع الضغط الموظفين مو فاهين شي فجاه توقفة بدون سبب دقيت خدمة العملاء مو فاهمين شي يرفعون الضغط,,599,,2024-12-18 15:58:47+00:00,
ايش احط مكان الميلاد ماقبل,,358,,2024-12-19 07:29:35+00:00,
كيف اتبع البطاقه برق طلبت كيف اعرف متى تجيني ??اتمنى الاجابه,,357,,2024-12-20 21:35:26+00:00,
يااخي نفس stc piy,,356,,2024-12-23 07:15:27+00:00,
انا شغاله معي بس في قريتنا ماتسحب فيزا هل اقدر اطلع مدى منها ؟,,355,,2024-12-24 14:22:06+00:00,
كيف احوله مدى,,598,,2024-12-25 06:20:54+00:00,
انا عمري 16 هجري اقدر ادخله؟؟,,597,,2024-12-26 18:21:55+00:00,
اقدر اودع فيها فلوس من صرافه؟,,354,,2024-12-26 22:50:50+00:00,
يعني اصدار وتوصيل البطاقة ماعليه رسوم؟,,596,,2024-12-27 22:01:19+00:00,
طيب اشتري فوق ٥ريال عشان تجيني العجله وهل اشتر من البطاقه ولا من محظة ابل بي,,595,,2024-12-28 20:04:38+00:00,
جيت اضيف البطاقه بمحفظة سامسنج باي يرفض يقول راجع البنك,,594,,2024-12-29 09:19:04+00:00,
واحد مقلقل ياقلبي,,353,,2025-01-02 19:29:10+00:00,
هل اقدر اسجل بدون ابشر,,593,,2025-01-04 04:33:15+00:00,
كداب <br>عملت حواله دوليه بقالي شهر ما وصلت,,404,,2025-01-05 00:17:34+00:00,
الله يعطيك العافية شرح وافي وكافي,,592,,2025-01-06 15:37:13+00:00,
كيف ارسل دعوة او اطلع رمز الدعوة,,591,,2025-01-06 15:46:17+00:00,
ليش الحوالة  تتأخر  وناس كتير بتشتكي انها ما وصلت,,403,,2025-01-07 00:07:35+00:00,
ليش الحوالة  تتأخر  وناس كتير بتشتكي انها ما وصلت,,402,,2025-01-07 00:07:35+00:00,
🤲🤲🤲🤲🤲🤲🤲🤲☝️☝️☝️☝️,,74,,2025-01-07 11:10:01+00:00,
🤲🤲🤲🤲🤲🤲🤲🤲☝️☝️☝️☝️,,28,,2025-01-07 11:10:21+00:00,
🤲🤲🤲🤲🤲🤲🤲🤲☝️☝️☝️☝️,,90,,2025-01-07 11:10:57+00:00,
لتفعيلها عن طريق nfc يجب وضعها تحت الكاميرا يعني في منتصف الجهاز,,352,,2025-01-13 15:04:16+00:00,
يااخي انا سويت كل هذي الخطوات لكن طلع اسم الحساب غير والاسم علا البطاقه غير والاسم الي سويته غير هل استطيع اعدل الاسم,,590,,2025-01-14 01:05:00+00:00,
رحت اشتري فيها نقاط بيع  ترفض سحب,,401,,2025-01-14 08:48:22+00:00,
بعد اذنك بحاول اضيفها علي سامسونج باي بتترفض,,351,,2025-01-17 13:20:15+00:00,
هل يمكن الحصول عليها من خترج السعودية,,589,,2025-01-20 17:22:49+00:00,
انا من المغرب ماقدر اضيف رقم هاتفي,,588,,2025-01-20 22:13:12+00:00,
إذا فتحت حساب عندهم متى تجي البطاقة؟,,587,,2025-01-21 13:54:21+00:00,
لو سمحت انا طلبت بطاقه بس مافي حد رن عليا وموقف على استلمت بطاقة,,586,,2025-01-23 06:25:53+00:00,
قدمت على البطاقه من شهر ورفعت مذكره بطلب البطاقه ولاوصلني شي,,452,,2025-01-23 17:34:14+00:00,
حاسبت وماجتني اللعبه ليش,,73,,2025-01-24 12:56:15+00:00,
متا توصل البطاقه بعد الطلب من البرنامج,,585,,2025-01-24 18:42:19+00:00,
لم تضبط معنا,,350,,2025-01-25 22:50:33+00:00,
والله العظيم من اجمل بنوك في المملكه العربيه السعوديه وهو بنك برق شكرا لبنك برق,,72,,2025-01-26 14:47:46+00:00,
❤❤❤❤❤❤❤❤❤❤❤❤❤❤,,71,,2025-01-26 14:47:54+00:00,
كم يوم وتجي,,349,,2025-01-28 21:37:45+00:00,
ياجماعه ماقدرت استفيد رحت النهدي شريت اغراض وجيت ادفع فيها يطلع مرفوضه مطاعم مرفوضه بقالات وش مشكله,,348,,2025-01-28 22:34:31+00:00,
طلبتها لي اسبوع ماوصلت ولا رجعو لي خبر,,347,,2025-01-30 09:34:57+00:00,
كيف اشحن البطاقة بالمال؟,,346,,2025-01-30 11:27:52+00:00,
كيف اقدر اعمل عمليه ايداع كاش تابعه لاي بنك ؟,,345,,2025-01-30 15:53:40+00:00,
عاوز افعل البطاقه مش لاقي الخيار ده الناس بتعمللها بعد كلمه هل استلمت البطاقه انا  مش بتظهر لي الكلمه دي,,344,,2025-01-30 18:28:38+00:00,
اللي بيطلبها يخليها مدى افضل لان هاذي فيزا مابتقدر تدفع الا بالجوال فقط,,584,,2025-01-31 22:55:50+00:00,
ايش اختار بطاقه فيزا او مدى,,343,,2025-02-01 16:26:05+00:00,
هل فيها كاش باك ثابت مسستقر,,342,,2025-02-02 09:54:29+00:00,
نصيحة لوجه الله<br>حولت عليها مبلغ وماوصلت الحوالة وشكوى وتذاكر ولا احد بيرد عليك<br>حسبي الله ونعم الوكيل,,583,,2025-02-02 15:03:22+00:00,
نصيحة لوجه الله<br>حولت عليها مبلغ وماوصلت الحوالة وشكوى وتذاكر ولا احد بيرد عليك<br>حسبي الله ونعم الوكيل,,70,,2025-02-02 15:06:49+00:00,
نصيحة لوجه الله<br>حولت عليها مبلغ وماوصلت الحوالة وشكوى وتذاكر ولا احد بيرد عليك<br>حسبي الله ونعم الوكيل,,341,,2025-02-02 15:07:27+00:00,
شوفوا ياخوان الموضوع كله نصب مقنن والفلوس ما بتوصل بمواعيد ثابته ممكن تاخد يوم وممكن تاخد شهر وممكن ما تقدر تسترجع فلوسك حتى,,582,,2025-02-04 09:55:07+00:00,
طيب أنا يقول تم رفض طلبك,,581,,2025-02-04 11:26:35+00:00,
افضل محفظة بالنسبة لي 🙏🏼,,253,,2025-02-05 12:04:01+00:00,
يا عيال أنا طالب البطاقه من ٩ اياًم ماوصلتني ممكن احد يفيدني,,252,,2025-02-05 16:01:28+00:00,
مع انه المذكور خلال ٧ ايام كـ حد اكثر,,251,,2025-02-05 16:02:27+00:00,
او عطوني رقم او اي وسيله اتواصل معهم,,250,,2025-02-05 16:03:07+00:00,
فاشل,,69,,2025-02-09 10:48:01+00:00,
فاشل,,400,,2025-02-09 10:48:20+00:00,
بطاقه مدي تستخدم خارج السعوديه,,249,,2025-02-09 19:18:13+00:00,
ياخي انا عندي مشكلة كل ماجي اطلع بطاقه فيزا يقول تم وصول الحد لي طلب البطاقات لايمكن انشاء بطاقه جديده لي 8 ايام احاول  وهل اقدر اطلعها بعدين يعني يوفرون لي بطاقة ؟,,340,,2025-02-09 20:15:19+00:00,
بخرج لليمن يمدي يصدرها قريبي بأسمه وانا استخدمها في اليمن؟,,248,,2025-02-10 08:46:37+00:00,
اي احسن في الكاش باك فيزا وآله مدي,,247,,2025-02-11 20:10:16+00:00,
انا احاسب فيها وما يجيني كاس باك ليش ؟,,246,,2025-02-12 21:13:25+00:00,
ازي افعل بطاقة برق مدي,,245,,2025-02-16 17:11:21+00:00,
يا حبيبي كيف اسجل عيا,,68,,2025-02-17 19:45:20+00:00,
الحين اذا جيت ادفع يرفض وراه؟,,244,,2025-02-18 21:42:37+00:00,
لو سمحت أنا طلبها بقالي اسبوعين او اكثر ولحد الآن ما جت استعلم عنها ازاي ولو جت اعرف ازاي اني جت ؟؟,,451,,2025-02-19 06:20:26+00:00,
أنا حملت التطبيق بس ماطلع لي مركز الالعاب ليش؟؟,,399,,2025-02-19 12:29:09+00:00,
لا نريد رايك الشخصي<br> وإنما نريد رأي الدين في مثل هذا ومدى مشروعيته .. اعتقد انها من انواع القمار,,304,,2025-02-19 13:49:34+00:00,
يعنى م الاخر stc or Mobily pay <br>يعنى اشحن واصرف 😂 <br>مو فيزا بهامش ربح فقط تشحن واصرف,,580,,2025-02-19 16:36:59+00:00,
ما طلع لي هذا الخيار اول ما طلعت الرقميه ؟ وش السبب,,450,,2025-02-20 20:22:01+00:00,
يجي تابي وتمارا؟,,243,,2025-02-20 22:26:03+00:00,
يجي تابي وتمارا؟,,303,,2025-02-20 22:26:56+00:00,
انا طلبت بطاقة مدى والفيزا والريال كيف احذف منها ما احتاجها,,242,,2025-02-22 01:27:00+00:00,
طيب انا طلعت مدى وفيزا الحين السوال كيف ابدل بين حساباتي يعني ابي اشحن بطاقه مدى ماقدر محدد ع بطاقه فيزا لاني طلعتها اول شي اتمنى فهمتني,,302,,2025-02-23 14:50:51+00:00,
ممكن خطوات تحويل الدولي  (مصر)  على محفظه اتصالات,,89,,2025-02-24 16:17:07+00:00,
ممكن فيديو لخطوات التحويل الدولي (مصر)  والتحويل المبلغ على محفظه اتصالات,,88,,2025-02-24 16:18:07+00:00,
لسه من الخلف من الامام تتفعل لاسيلكي,,339,,2025-02-25 16:09:06+00:00,
"<a href=""https://www.youtube.com/watch?v=ZBTYZMnBTSk&amp;t=242"">4:02</a> طيب لو حطيت لا شكرًا وماطلب البلاستيكيه اثناء انشاء الحساب كيف ارجع اطلب البلاستيكيه؟؟",,579,,2025-02-25 23:09:22+00:00,
طيب كيف احول لمدى برق ؟,,578,,2025-02-26 21:40:39+00:00,
بسألك متى بعرف انها وصلتني؟؟,,338,,2025-02-26 23:11:07+00:00,
الحين طلبت بطاقة مدى وجتني وكل لم اعمل عملية يقولي مرفوضة مع العلم فيها رصيد,,241,,2025-02-27 08:02:53+00:00,
الي جربو البطاقه كيف استعمالها,,577,,2025-02-27 10:34:26+00:00,
من وين اطلع رمز الدعوة حقي عشان ارسله للاخرين,,576,,2025-02-28 22:33:53+00:00,
ياخي يقول لازم فوق ١٨ وقت اسجل دخول لكن كل العالم تحت ١٨ ومطلعينها شلون ؟,,301,,2025-03-01 14:12:58+00:00,
يكتبلي يرجى التحقق إذا كنت قد قمت بالفعل بطلب البطاقة والتحقق من حالتها. وش المشكلة?,,337,,2025-03-02 01:01:06+00:00,
فلوسي راحت علي هذا التطبيق ولا يوجد خدمه عملاء,,575,,2025-03-03 08:23:19+00:00,
ليش البطاقة البلاستيكية رقم الحساب مو نفس المحفضه وكيف أحول الفلوس للبطاقه البلاستيكية؟,,574,,2025-03-05 00:45:37+00:00,
هل اذا الاقامه منتهيه لا استطيع اخراجها,,336,,2025-03-05 21:38:38+00:00,
"<a href=""https://www.youtube.com/watch?v=ZBTYZMnBTSk&amp;t=232"">3:52</a> <br>انا مايطلعلي هالخيار بس مكالمة توثيق وخلاص",,573,,2025-03-07 02:41:07+00:00,
طيب انا معايا بطاقة برق فيزا وبرق مدى <br>عايز احول اموال على مدى عشان احاسب بيها ازاى احول على مدى مش الحساب ؟<br>ولا احول ع الحساب ع طول واحاسب ب اى بطاقة عادى,,240,,2025-03-08 12:47:08+00:00,
اقدر اسحب فلوسي من بطاقة فيزا ؟,,239,,2025-03-08 14:06:31+00:00,
بنسبه   لي  . مدى  .أذا ماتفعلت  معك  غير الرقم السري من التطبيق ورح  تظبط 👋👋👍👋👋,,335,,2025-03-08 20:19:05+00:00,
اقدر أودع بها؟,,215,,2025-03-10 01:33:46+00:00,
اهوي محتاجك ضروري ممكن صديق يحول من برق الى ماستر كارد الرافدين العراق,,572,,2025-03-10 18:58:39+00:00,
اشكرك شرح وافي وبكل وضوح,,571,,2025-03-11 01:08:29+00:00,
يخي انا معرفت عن هذا مكان ميلاد دخلت كل بنجليزي انا مواليد ف سعوديه وين احصل,,570,,2025-03-11 08:49:36+00:00,
سويت كل الخطوات.. ولكن ما جاني طلب بطاقة بلاستيكية!!!!,,449,,2025-03-12 04:45:28+00:00,
طلع لي اكثر من بطاقة وش افضل بطاقة,,569,,2025-03-13 16:22:11+00:00,
ازاي اغير رقم الجوال علي برق,,568,,2025-03-13 19:45:19+00:00,
ياخي الله يسعدك ويحفظك ويوفقك يارب حليت ازمه أنا كنت فيها,,448,,2025-03-14 04:18:16+00:00,
طلبت البطاقة اتيجي امته بالله,,567,,2025-03-14 20:26:56+00:00,
انا اول مره عاملو  وطلبت البطاقه اون لاين تيجي بعد كم يوم  بالله,,334,,2025-03-14 21:58:08+00:00,
السلام عليكم ورحمة الله وبركاته كيف احل مشكلة تجميد الحساب تواصلت مع خدمة العملاء بدون اي فايده وعملت تذكرة والمشكله لا زالت موجوده تقريبا 20 يوم,,447,,2025-03-16 16:49:54+00:00,
برق احاول احاسب داخل السعوديه ماتقبل للاسف,,300,,2025-03-17 03:34:55+00:00,
طيب العبه ليه ما تطلع عندي,,299,,2025-03-17 16:29:48+00:00,
وشلون احول من الفيزا برق الي مدى ؟,,238,,2025-03-18 11:30:55+00:00,
عندي بطاقة مدى وبطاقة في ا ، كيف اضيف رصيد للفيزا؟ مايطلع لي الا بطاقة مدى لما اجي اضيف اموال,,566,,2025-03-18 13:24:09+00:00,
لصوص صارلي ٩ ايام محول ماوصلت,,398,,2025-03-19 11:54:30+00:00,
٩وايام ماوصلت الحواله,,67,,2025-03-19 11:56:11+00:00,
هل برق مدى اقدر استخدمها خارج المملكه وهل عليها رسوم في السحب او الدفع ؟,,237,,2025-03-20 04:20:31+00:00,
الفلوس على التطبيق ولما اعمل تحويل دولي يقول مرفوضة <br>وللحين الفلوس متعلقة عليه ومش عارف اعمل ايه,,87,,2025-03-21 19:31:47+00:00,
طلعت البطاقه اذا بشتري يقولي مرفوضة كيفا أفعلها يرحم والديك,,333,,2025-03-23 00:32:44+00:00,
يطلع عندي يقول لاحقا من نفسه ليش,,446,,2025-03-24 08:19:39+00:00,
السلام عليكم أتمنى ترد عليه أنا وصلتني بطاقة بلاستيكيه  مدى وفيه فلوس فيه بطاقه ثانيه رقميه اللي هي فيزا هل يمديني ادفع منهم الاثنين ؟,,236,,2025-03-25 18:54:18+00:00,
تبع أي بنك,,332,,2025-03-26 10:03:45+00:00,
ياجماعه هل كاش باك بلعب الحظ حرام ولا حلال؟,,298,,2025-03-26 11:57:12+00:00,
التطبيق سهل وحلو بس تحول الى انجليزي,,565,,2025-03-26 20:09:26+00:00,
كيف نحوله الى عربي,,564,,2025-03-26 20:09:44+00:00,
هل اقدر أودع فيها فلوس عن طريق مصرف الراجحي,,331,,2025-03-27 18:22:14+00:00,
طيب عندي سؤال ممكن تفيدوني هل بطاقة البرق يوقف مع انتهاء الهوية؟؟  ولا يكون شغال حتى لو الهوية منتهية,,235,,2025-03-27 21:14:59+00:00,
طب لو عايز اعرف ازاي احول على كارت ميزه كيف الطريقه,,563,,2025-03-29 00:09:32+00:00,
انا بحول للمحفظه يقول الخدمه غير متاحه ايه العمل,,297,,2025-03-30 17:36:01+00:00,
ممكن سؤال ينفع ارسلها الي اهلي مصر يسحبون من اابنك الاهاي المصر وياتره الفيزه الي تسحب وله بطاقت مداي,,234,,2025-03-31 17:36:22+00:00,
اسؤا خدمه عملاء شفتها ف السعوديه للاسف,,562,,2025-04-01 14:58:38+00:00,
وش هي البطاقه اللي تفيدني ف السفر مدى او فيزا,,296,,2025-04-03 11:45:48+00:00,
ممكن احد يشرحلي كيف اطلب البطاقة,,330,,2025-04-06 02:26:11+00:00,
حولنا ماتصير يروح الطول نبغي اصدار كيف يروح ع طول افيدوني والكم جزيل الشكر,,445,,2025-04-08 17:19:22+00:00,
هل بطاقه برق فيهاا ايداع يعني اقدر اروح اي بنك وسوي ايداع ؟,,233,,2025-04-09 02:35:31+00:00,
هل بطاقة برق فيزا او مدى عليها رسوم فائدة؟ ولا تعتبر زي بطاقات مسبقة الدفع اشحنها بالرصيد اللي ابغاه بدون مايصير علي فوائد؟ ياليت تفيدوني,,232,,2025-04-09 18:58:03+00:00,
شكرًا,,561,,2025-04-10 04:33:41+00:00,
هل لها صرافات طيب كيف اسجل  وكيف توصلني البطاقه,,214,,2025-04-10 13:46:31+00:00,
طيب جربت وفتحت خيار المكافأة فاضي مافيه شي,,66,,2025-04-10 19:46:43+00:00,
هل لازم احول العملة قبل استخدمها في الخارج ؟ ولا ادفع بالريال ويتم احتساب فرق العمله ؟ة,,397,,2025-04-12 18:34:14+00:00,
طيب بطاقة مدي برق تقبل سحب بمصر ولا برق فيزا فقط,,213,,2025-04-13 11:36:59+00:00,
هههه صدقت برق بدون طابور سجلت وعلى طول طلعت لي البطاقه وطلبت البلاستيكيه وقالوا جايه في الطريق اما البنك التعبان 360 رقم الانتظار فيه 500 الف شخص هههههههههه اتركوه للقلعه,,396,,2025-04-13 22:26:56+00:00,
مافهمت ولا شي ممكن توضح اسم تطبيق رد تكفى,,27,,2025-04-14 12:17:19+00:00,
كيف اطلع مدى,,231,,2025-04-15 22:20:00+00:00,
ماطلعلي خيار بطاقة بلاستيكيه واضفتها بالجوال هل اذا حاسبت بالجوال عليها زياده مبلغ ؟!,,560,,2025-04-17 20:19:01+00:00,
هل ينفع اودع فيها فلوس من اي مكينه إيداع,,329,,2025-04-20 23:23:03+00:00,
سافرت لأوروبا و الامارات و المغرب و قبل بالعيد الي راح و جربت بطاقة D360 الصراحة انها اطلق بطاقة 0 رسوم سحب و 0 عمليات شراء دولية الصراحة بطاقة هي الافضل و يكفي انه بنك D360 تابع لصندوق الاستثمارات العامة يعني بنك قوووووووي ♥️,,444,,2025-04-22 14:31:05+00:00,
وانا اسجل يقولي لازم اوصل لجهات الاتصال وش دخل جهات اتصالي !!!!,,559,,2025-04-24 08:45:39+00:00,
"ما يجيني رمز التحقق ؟ ‏‪<a href=""https://www.youtube.com/watch?v=ZBTYZMnBTSk&amp;t=50"">0:50</a>‬‏",,558,,2025-04-24 21:12:43+00:00,
هل اقدر اشتري فيها واسحب كاش برا المملكه بطاقه برق مدى,,295,,2025-04-25 11:11:47+00:00,
كم تجلس ايام حتى توصل؟؟,,212,,2025-04-26 00:55:42+00:00,
لو سمحت يا غالي عندي استفسار منك ❤ ربي يسعدك .... طلعت بطاقة برق فيزا + مدى بنفس الوقت داخلي وخارجي كلها .... ووصلتني واتبعت طريقة التفعيل ... بس ما قدرت باقي اسحب منها عن طريق شبكة البقالات هل لها وقت تحديث او مثلا ٢٤ ساعة وتشتغل طبيعي,,211,,2025-04-26 16:14:58+00:00,
وشكلها نفس اللي معاك بس الفرق ... حقتي في مدى فوق كلمة فيزا يعني ثنائية .... واشتريت منها من قبل استخدمها بالجوال قبل توصل البطاقة نفسها,,210,,2025-04-26 16:15:57+00:00,
طيب اقدر اطلع بطاقه فيزا من الجوال وكم رسومها؟ وهل منصة ايجار تقبل فيزا,,230,,2025-04-27 09:36:38+00:00,
لازم اطلع بطاقه ولا من الجوال عادي,,294,,2025-04-27 09:40:27+00:00,
طيب عندي بطاقه مكتوب عليها مدى و visa وش بعني الثنتين سوا,,229,,2025-04-27 11:53:02+00:00,
هل يشتغل هذا التطبيق في اليمن ارجو الرد السريع,,557,,2025-04-27 14:43:37+00:00,
يمديني اقسط منتج على دفعات من تمارا باستخدام بطاقة برق ولألا,,209,,2025-04-28 21:06:11+00:00,
هل تاخذ وقت لين توصل البطاقه البلاستيكيه ؟,,208,,2025-04-28 21:45:36+00:00,
طيب ليش تقول صعب تحصل عليها او تطلعها او لحد ماتوصل لها <br><br>ماني فاهم <br><br>إذا كان متاح للجميع فليش الكلام هذا,,293,,2025-04-29 06:28:37+00:00,
كيف نضيف الاموال فى الفيزه,,556,,2025-04-29 11:34:51+00:00,
السلام عليكم <br>لو سمحت انا معاي بطاقة برق وجيت اسحب 1000 جنيه جابلي في مشكله اثناء السحب وتم خصم الفلوس من حسابي بارق والفلوس المصري ما طلعت ايش الحل,,328,,2025-04-30 17:29:56+00:00,
ماقد جاني 100%,,65,,2025-05-03 14:11:06+00:00,
هل فيها ميزة دخول اللونجات بالمطار؟,,207,,2025-05-07 06:47:31+00:00,
كيف أضيف رصيد في بطاقه برق رمز الريال الالكترونيه,,443,,2025-05-07 08:18:10+00:00,
ما عرفت اطلع البطاقة البلاستيكية,,555,,2025-05-09 12:30:40+00:00,
المكافآت ٤ محاولات كلها بالهلل على مين تلعبها,,395,,2025-05-12 04:01:24+00:00,
اش الفرق بينهم وبين بطاقة البنك اللي بالراجحي ولا الاهلي !؟؟,,228,,2025-05-13 09:46:07+00:00,
الحساب تحظر عايز حل,,554,,2025-05-14 01:51:51+00:00,
هل بطاقة فيزا برق أقدر أحاسب فيها عمليات الشراء الإلكترونية و حجوزات الطيران اللي تطلب فيزا ؟,,227,,2025-05-14 18:16:31+00:00,
هل بطاقة فيزا برق أقدر أحاسب فيها عمليات الشراء الإلكترونية و حجوزات الطيران اللي تطلب فيزا ؟,,206,,2025-05-14 18:19:17+00:00,
ماتطلع لي عقب ما اسوي كل الخطوات   مايقولي طلب البطاقه البلاستيكيه,,442,,2025-05-14 19:58:39+00:00,
تقريبا انا عملت الأولى اللي هي الرمز السعودي و دي مفيش منها بلاستيكية و النوعين الباقيين برق و مدي هما اللي فيهم بلاستيكية و  الله اعلم.,,441,,2025-05-14 20:32:20+00:00,
كيف اطلب البطاقه البلاستيكيه اضفت بطاقه الكترونيه من زمان و ماطلعت لي خانه البطاقه البلاستيكيه,,26,,2025-05-18 10:27:15+00:00,
حراميه سرقو فلوسي انتبهو,,64,,2025-05-18 17:47:24+00:00,
لازم احط الهويه يعني يوم احول لي احد يبان اسمي ؟ ما اقدر اغير اسمي من البرنامج,,553,,2025-05-18 18:57:27+00:00,
السلام عليكم فين البنك ليهم في السعوديه لمي اتمكن من ادع الفلوس او عادي اوضع في اي بنك,,552,,2025-05-19 04:11:50+00:00,
ابسألك عن حساب سنابل للادخار من بنك D360,,292,,2025-05-20 05:13:20+00:00,
👁,,25,,2025-05-20 11:00:53+00:00,
ليش الحوالة ما تصل؟ هل وجود حل لهذه المشكلة,,394,,2025-05-21 16:50:39+00:00,
هل اقدر اضيف اموال في البطاقه عبر الصرافه,,205,,2025-05-23 01:50:39+00:00,
جدا تطبيق رائع سرعه مصداقيه تحويل دولي مجاني شبكه يدفع كل شيء بكل سهول حتى اعطوني فلوس استغربت <br>ذولي لي يقولون سرقوني كيف صار الدعم متجاوب جدا جدا <br>شكرا برق,,63,,2025-05-24 12:49:55+00:00,
كم رمز ‏‪دعوه من صديق,,551,,2025-05-24 15:29:32+00:00,
طيب لو طلعت بطاقه بلاستيكيه يمديني بعدها اضيفها في ابل باي ؟؟,,440,,2025-05-26 06:57:38+00:00,
عندي سوال دحين لو طلعت فيزا مدى يمديني استعملها ف اي دولة ؟؟,,550,,2025-05-26 17:10:52+00:00,
ان شاء الله ينزلون فيزا ❤❤انفنت فرسان منافسة ❤❤,,291,,2025-05-27 21:04:31+00:00,
انامايطلعلي لطلب البطاقه البلاستيكيه يطلع حسن تجربتك مع بطاقة برق<br>تحتها لاحقا بس,,439,,2025-05-29 19:50:45+00:00,
هل هناك بطاقة بلاستيكية للبطاقة الي عليها شعار الريال ؟؟؟؟؟,,438,,2025-05-30 11:58:59+00:00,
كيف يعني بدون طابور؟,,393,,2025-05-30 22:28:15+00:00,
طيب مدى برق اقدر اسحب بيها خارج المملكة؟؟,,226,,2025-05-31 01:21:14+00:00,
هل اقدر استخدم مدى برق في مصر و اسحب بيها و ما تاخذ عمولة او رسوم سحب,,290,,2025-05-31 01:21:59+00:00,
إذا أحد جربها في دول الخليج بالسحب من جهاز الصراف يعطينا العلم ؟,,204,,2025-05-31 13:26:35+00:00,
ياغالي مدى رش انتهت من فتره انا استخدم يطاقات برق حاليا بطاقة اساسيه فقط الكاش باك على عمليات الفيزا.,,289,,2025-05-31 14:41:51+00:00,
طيب اذا سافرت كيف احول العمله ؟ من التطبيق,,437,,2025-05-31 17:29:00+00:00,
اسم البنك الخاص ببرق,,327,,2025-06-01 19:45:26+00:00,
هو ليه مش قابل فى رقم الهاتف غير 10ارقان فقط ومش عارف اسجل للسبب ده اى المشكله بالضبط,,549,,2025-06-02 07:48:18+00:00,
ماشاء الله شرح كافي ووافي وسلس الله يوفقك,,548,,2025-06-02 10:39:54+00:00,
طيب ابغى اغير رقم الجوال بشريحة ثانيه كيف الطريقه,,547,,2025-06-02 12:05:07+00:00,
طيب كم اقدر استقبل مبلغ في برق واحول من برق على حساب ايبان سعودي,,392,,2025-06-02 17:30:00+00:00,
عندي البطاقة ما يحاسب في المحل فيها رصيد,,225,,2025-06-06 05:48:42+00:00,
هل يمكن للمصري أن يحصل على هذه البطاقة ؟.,,546,,2025-06-09 21:56:06+00:00,
طريقة تجديدها كيف؟,,326,,2025-06-09 21:57:59+00:00,
السلام عليكم مافي مكان او بنك اروح اطلعها منو افضل,,436,,2025-06-13 15:25:30+00:00,
هل بطاقة برق فيزا فيها مبلغ او انت تحول عليها مبلغ,,224,,2025-06-14 11:30:24+00:00,
اقدر اسحب بيها في مصر,,203,,2025-06-14 14:34:10+00:00,
نصيحه لاتحولون منهم مايوصل الحواله إلا بعد يوم او يومين حصلت معي كثير,,86,,2025-06-16 15:15:13+00:00,
وصلتني البطاقه  وادخل التطبيق مو طالع لي سؤال إذا استلمت ولا ولمن اسوي تنشيط وأقرب الجوال للبطاقه يقولي يرجى التحقق من انك طلبت البطاقه شسوي؟,,325,,2025-06-17 17:23:46+00:00,
كم يوم ياخذ من الطلب,,202,,2025-06-18 04:33:29+00:00,
ماقدرت اطلب البطاقة البلاستيكية مالقيت هالخيار,,201,,2025-06-18 12:07:24+00:00,
الموسيقى ذنب جاري مالها داعي,,24,,2025-06-18 12:41:21+00:00,
جاتني بعد عشره ايام هل قدر سحب ويدع للصرفه ام شراء فقط,,200,,2025-06-19 13:53:16+00:00,
يوصلوها لك الى موقعك او كيف😊,,288,,2025-06-19 15:08:41+00:00,
سىء في تحويل الدولي,,85,,2025-06-21 03:15:33+00:00,
هل هوا ظروري ان اكون مقيم ولا عادي,,545,,2025-06-22 07:53:38+00:00,
نصيحه لحد يستخدمها محول ٤٠٠٠ ريال ولي ٢٠ يوم م وصلت,,324,,2025-06-22 15:31:08+00:00,
ياغالي عندي ما يطلع خيار طلب البطاقه البلاستيكيه,,435,,2025-06-22 22:46:52+00:00,
تطبيق فاشل مشكله من زمان ماعرفتو تحلوها خيار طلب البطاقه البلاستيكية فيه مشكله مايضهر حلووو المشكله او سكرو التطبيق,,23,,2025-06-22 22:57:13+00:00,
طب انا نزلت البرنامج وكل ما اجي اسجل دخول يقول احضر رمز الدعوه من اصدقائك وانا مش عندي اصدقاء فاتحين برق,,223,,2025-06-23 15:32:34+00:00,
طب انا منزل تطبيق برق بيقول لازم ادخل رمز الدعوه وانا مش عارف اجيب رمز الدعوه,,323,,2025-06-23 15:39:13+00:00,
لا تعمل عند الشراء تيجى مرفوضه,,287,,2025-06-24 08:25:28+00:00,
الله يجزاك خير ويجعله بميزان حسناتك,,544,,2025-06-26 12:12:56+00:00,
خيار البطاقات البلاستيكه غير مفعل حاليا. وهذى كارثه .اصلا ما فتحنا المحفظه الا للحصول على البطاقه البلاستيكه للسحب والشراء خلال السفر,,543,,2025-06-27 04:16:07+00:00,
هل مدى فيها كاش باك,,199,,2025-06-28 19:32:23+00:00,
طلبتها من التطبيق لكن كيف ما حدا تواصل معى لكى اطلبها,,322,,2025-06-28 23:36:17+00:00,
تقدر تستخدمها في البقالات والعيادات والمنتجات والمطاعم واماكن السياحة,,119,,2025-06-29 04:33:01+00:00,
كيف يفعلو الشراء من التطبيق  مارضت تتفعل الايقونه <br>ملاحظه البطاقه ماقد وصلت,,321,,2025-06-30 08:30:44+00:00,
طيب والعلم السعودي كيف اغيرو ساكنه بالاردن,,542,,2025-07-01 15:52:52+00:00,
اتوقع ماخذين عمولة تحويل العملة البنك نفسه<br>لان ٤٠٠٠ جنية بـ ٣٠٣ريال و٩٨هلله,,118,,2025-07-03 18:09:30+00:00,
لما حولت من حسابي البنكي لحسابي ببرق اكتشفت ان حسابي ببرق مش بأسمى كيف ؟,,286,,2025-07-04 15:30:24+00:00,
لما اجيت اضيف يول يرجالاتصال علا العملا,,541,,2025-07-05 13:30:34+00:00,
وانا يقول الرقم غلط,,540,,2025-07-05 19:49:22+00:00,
تقدر  تحاسب فيها  المحلات والمطاعم<br>ارجو    الرد       ❤😊,,117,,2025-07-06 17:35:55+00:00,
انا عندي البطاقة الرقمية .. لكن ما لقيت طلب البطاقة البلاستيكية . كيف الطريقة ؟ هل لاني طلب بطاقة الريال ؟ ولا عادي كلها واحد,,539,,2025-07-08 06:04:42+00:00,
انا طلبتها من اسبوع ولم تصلنا وفي وصلت في بعد فتره من الان ونا قد غيرت موقعي كيف اتصرف حينها لحتى توصل لي للموقع الجديد الذي انتقلت اليه,,320,,2025-07-10 02:56:10+00:00,
لا تحلف <br>مايخذون عموله برق <br>بس مثل تايلند على كل عملية حسب ياخذون 25 ريال تحويل عمله,,145,,2025-07-13 04:46:28+00:00,
في خيارت هل انت خاضع للرسوم الدولية وش اختار <br>فيه خيار ( نعم ) وفيه خيار ( لا ),,538,,2025-07-16 08:39:53+00:00,
طلبت بطاقه برق مكتوب عليها ريال بس ما وصلتني رغم اني استخدمها عادي من ابل باي,,198,,2025-07-17 00:33:20+00:00,
جمدو حسابي عشان دخلت من جوالين وللحين مافتح وفلوسس كلها فيه وش اسوي؟؟؟,,285,,2025-07-18 08:35:07+00:00,
اقدر استخدمه برا المملكه ؟,,537,,2025-07-21 14:21:27+00:00,
ممكن اعرف اذا الشريحة الالكترونية تشتغل برا حسب الدولة اللي اخترتها تمام او لا,,536,,2025-07-21 19:00:37+00:00,
اقسم بالله انهم كذابين وحراميه شريت ايفون ب 5200 قبل فتره و لفيت العجله و اعطاني اقل شي صارت معي اكثر من مره دائماً اذا المبلغ عالي يعطوني اقل نسبه للكاش باك و مافيه ولا مره جاني 100% كاش باك العجله حقتهم مبرمجينها على مزاجهم و مستحيل يرجعون لك فلوسك الي دفعتها كامله كل شي تمت برمجته من قبل هالتطبيق الحرامي ولا راح تاخذها ابداً فقط لجذب الناس ورفع تطبيقهم السيئ و الدعم حقهم تكلمهم مايردون عليك ابد يقول جاري نقلك ويسحبون عليك ولا فيه احد يرد,,62,,2025-07-22 17:40:20+00:00,
كم سعر الصرف؟؟,,391,,2025-07-22 19:31:02+00:00,
ياصاحب الفديو انت خسران ٢٦ ريال<br>شوف سعر الصرف ١٣ و٤٠ هلله <br>...لوالمقطع مو  جديد مو قديم,,116,,2025-07-22 22:17:27+00:00,
اذا بدفع عن طريق البطاقة هل البنك الدولي ياخذ نسبة؟ لانه برق ماتاخذ بس كيف البنوك الدولية؟كم تاخذ عالدفع بالبطاقة؟,,197,,2025-07-23 13:49:15+00:00,
بطاقة مدى يمديني استخدمها سحب ومشتريات؟,,115,,2025-07-24 00:33:59+00:00,
بنك الاهلي المصري والبنك المصري ماياخذ عمولة فالمقطع صحيح برق تسحب بدون عمولة بس غير البنكين ذولي ياخذو عمولة البنك نفسه نفس اللي المقطع البنك ذا ماخذ عليك عمولة البنك نفسه,,114,,2025-07-24 11:09:45+00:00,
تدخل صالات مطار  فيزا برق,,222,,2025-07-24 13:08:39+00:00,
كيف اودع فيها فلوس اذا كانت بلاستيكيه,,196,,2025-07-24 18:01:09+00:00,
كيف اضيف فيها فلوس,,113,,2025-07-24 18:04:23+00:00,
افضل بطاقه استخدمتها بجميع الدول روووعه والله من سوى هالبطاقه سوا خير فالناس,,390,,2025-07-24 19:30:26+00:00,
عزالله صدقت الله يجزى من سواها لنا خير,,144,,2025-07-24 19:31:19+00:00,
❤️,,61,,2025-07-24 21:39:53+00:00,
طلعت بطاقه رقميه بس ما  طلع معي اصدار بطاقه بلاستيكيه ليش,,22,,2025-07-26 02:46:10+00:00,
يقلي الرجاء ادخال هوية صالحة,,535,,2025-07-26 12:52:40+00:00,
سلام عليكم كيفك اخبارك طيب ولي عليه تنفيذ يسحبو من حسابك ايقاف خدمات,,534,,2025-07-27 17:29:09+00:00,
انا لو حولت فيها عشر الاف وسافرت اذربيجان هل استطيع اسحب ببطاقة برق هناك من اي صراف في اذربيجان ولا لها صرافات معينه,,195,,2025-07-27 21:16:08+00:00,
مافيه بطاقة بالاستكيه,,21,,2025-07-28 16:47:42+00:00,
وش الفايده من البطاقه,,143,,2025-07-30 08:04:33+00:00,
كيف  اخلي اي  تحويل من الراجحي من شخص ما  لبطاقه برق موراضي يضبط,,194,,2025-07-31 22:57:29+00:00,
بطاقة الانصال الرقميه كيف,,533,,2025-08-01 12:46:14+00:00,
ليش مايمدي اضيف مدى طالع ليي بس فيزا,,20,,2025-08-01 16:18:20+00:00,
طيب هل يجوز الكاش باك فيها؟؟؟,,60,,2025-08-01 21:39:32+00:00,
ما اتكلم عن السحب، عمليات الشراء من برا ياخذون رسوم تحويل عمله وفيزا؟,,173,,2025-08-02 08:14:07+00:00,
يااخي في ثلاث بطايق من برق ايت افضل واحدة من الثلاث,,193,,2025-08-02 08:31:05+00:00,
شرح مختصر ومفهوم 🎉🎉الله يعطيك العافيه,,532,,2025-08-02 10:41:47+00:00,
الي فيها علامه الريال مافيها خيار البلاستيكية الى تاريخ اليوم - الي يحتاج البلاستيكية يطلب العادية,,434,,2025-08-03 08:08:07+00:00,
وش السالفه ناس تقول تاخذ عموله وناس تقول لا <br>بس نرجع ونقول الكاش اطلق شي <br>وبدل عملتك في الدوله الي تروح لها .,,142,,2025-08-03 08:49:48+00:00,
ينفع اطلب الاثنين مدي وفيزا .<br>وهل مجاني حقها,,319,,2025-08-03 16:42:58+00:00,
كيف افعلها خارج السعوديه,,192,,2025-08-03 18:08:13+00:00,
افضل بنك لتحويل العملات في تركيا ايش ؟,,141,,2025-08-03 18:09:21+00:00,
السلام عليكم ورحمة الله وبركاته بطاقة مدى برق هل يمكن استخدامها خارج السعودية سحب فلوس وشراء من البطاقه,,284,,2025-08-04 05:08:24+00:00,
انا ذحين ما عندي زي الايفون انا كل ما خشيت البطاقه احول ادفع لكن ما تندفع ايش السبب,,283,,2025-08-04 06:49:03+00:00,
يا جماعة الخير حولت على برق عشر مرات مش عايزة تظهر عندى الكاش باك حد مر بنفس التجربة,,59,,2025-08-04 20:48:23+00:00,
انا ما يطلع لي خيار طلب البطاقة البلاستيكيه وش الحل يطلع لي لاحقاً فقط,,433,,2025-08-05 01:51:36+00:00,
اللي عليه ايقاف خدمات يقدر يحول لها عادي؟؟,,531,,2025-08-05 20:22:10+00:00,
برق على كلام ناس أستعملتها يعني . أنا استخدمت ٣٦٠ جامده الحمدلله أموري طيبه والسيفتي فيها أوكي الموقع مايعلق التحويل والإسترجاع بنفس الوقت مايتأخر . بس السحب الدولي للأسف خذوا مني عموله قويه مع أني كنت ضامن أنها بدون رسوم . تسوق ولا أحلى بدون مشاكل,,389,,2025-08-06 07:24:46+00:00,
بالله عيب التطبيل والله انهم فاشلين برق مافيه عندهم خدمة عملاء واذا ماحد مصدق اتصل عليهم اذا ردو عليك اطبل لهم,,140,,2025-08-06 22:31:32+00:00,
سويت حساب جديد يقلي طلبك قيد الانتظار لها دحين يوم كامل وش الحل,,530,,2025-08-07 17:21:46+00:00,
السلام عليكم ورحمة الله وبركاته<br>هل عند طلب البطاقه البلاستيكيه من برق بيكون فيه رسوم توصيل,,432,,2025-08-08 02:42:17+00:00,
السلام عليكم ورحمة الله وبركاته<br>هل توصيلها مجاني,,318,,2025-08-08 02:49:40+00:00,
ما شا الله شرح وافي و كافي كل الشكر و التقدير لك و أقترح على شركة برق اضافة شرحك المتكامل إلى حساباتهم 👏🏼👏🏼👏🏼👌🏻,,529,,2025-08-08 17:12:32+00:00,
صراحه جباره المدى هذي مسويها اكترونيه والاحسن التحويل بدون ضرايب حول لمصر لوين ماتبي كله مجاني الراجحي يخي ضريبته ١٧ ريال على مصر اما برق مجاني وحتى تحويل رصيد على الشرايح الدوليه ارخص بكثير من مواقع ثانيه,,282,,2025-08-08 18:35:33+00:00,
طيب كيف تعبيها دولار او ريال مثلا سافرت اندونيسيا اسحب بعملة البلد اللي مسافر لها حتى لو فيها ريال او دولار ماني فاهم,,139,,2025-08-09 11:55:29+00:00,
طيب لو حبيت اسافر لاي دوله هل احط فيها عملت بلدي او دولار وكيف,,317,,2025-08-09 11:58:44+00:00,
السلام عليكم لاهنتو الحين انا عندي مخالفات وحجز ارصده بس اذا طلعت برق مدى بيكون نفس السالفه ولا عادي,,281,,2025-08-09 14:59:03+00:00,
بيض الله وجهك,,528,,2025-08-09 22:48:22+00:00,
لو عندي البطاقه الرقميه فقط اقدر احاسب ابل بي وانا مسافر بدون رسوم يعني مثل البلاستيكيه؟,,431,,2025-08-10 02:09:46+00:00,
انا عندي مشكله في التطبيق نفسه هل يمديك تساعدني فيه لاهنت,,527,,2025-08-10 17:51:48+00:00,
وش فرق بينها وبين الحمراء,,172,,2025-08-11 12:19:55+00:00,
وهل تسحب من صرافات بدون رسوم,,171,,2025-08-11 12:20:16+00:00,
وربي والله على ما أقول شهيد <br>انتبهوا من الأشخاص الذين يطبلون لهذه البطاقه<br>من أسوأ البطاقات التي اتعاملت فيها<br>وخصوصا في عمليات الشراء على أنه في كاش باك<br>في كل عملية لكن فيها عمليات نصب وانت يالمسكين<br>تضحك على نفسك<br>جربوا stcpay وراح تعرفوا كلمة المصداقية ماذا تعني من أجمل و أسرع البطاقات<br>وفي بطاقة D360,,191,,2025-08-11 17:14:48+00:00,
سحبت منها في بانكوك وخصم على ٢٥ ريال على كل سحبه,,190,,2025-08-11 18:37:54+00:00,
انا كنت في تايلند وسحبت من الصراف واخذوا على ٢٥ ريال على كل سحبه,,138,,2025-08-11 18:53:10+00:00,
كم المده بعد الطلب لحتى توصل البطاقه,,19,,2025-08-13 15:15:27+00:00,
ما. شغالة اللعبة,,58,,2025-08-13 16:01:29+00:00,
شلون بدون رسوم؟,,137,,2025-08-14 12:06:11+00:00,
هل اقدر احاسب فيها شبكة في اوروبا؟,,136,,2025-08-15 06:00:40+00:00,
سلام عليكم<br>هل في اندونوسيا اقدر استخدمها بطاقه برق وهل يأخذو مني نسبه على الصرف او السحب,,280,,2025-08-15 08:47:59+00:00,
بسالك ياخوي. ليه يرفضون رقم الجوال ايش الحل,,526,,2025-08-15 09:51:00+00:00,
انا حملت التطبيق بس اريد اعرف كيف  اخذ رمز الدعوة حتى ارسلها للأهل والأصدقاء؟,,279,,2025-08-15 10:57:43+00:00,
بقدر استخدم برق مدى في مصر؟؟ ولا لازم برق فيزا؟؟,,189,,2025-08-16 18:23:21+00:00,
طيب انا ماجاني خيار اطلب البطاقة البلاستيكيه,,525,,2025-08-17 08:35:56+00:00,
اقدر استخدم بالفلبين؟,,135,,2025-08-17 09:14:49+00:00,
من وين اطلع الكود حقي ؟,,170,,2025-08-17 10:49:21+00:00,
طيب لو عاوز تحول من برق الي البنك الاهلي حوالة بالدولار كيف,,84,,2025-08-18 04:26:54+00:00,
للأسف في تركيا جربت أغلب الصرفات ما تصرف ابدا ..  فقط دفع في نقاط البيع,,134,,2025-08-18 13:15:25+00:00,
🎉سلام عليكم <br>خوي ممكن تفديني لماذا تطلع عندي رفض وفها رصيد,,278,,2025-08-20 03:01:18+00:00,
اسو تطبيق كاش باك,,57,,2025-08-20 11:17:21+00:00,
واحد يسحب مني حسابي من برق كيف الغيها مايسحب من عندي😢,,188,,2025-08-20 12:47:50+00:00,
هل بطاقتي مدي وفيزا بيكون فيهم نفس الرصيد <br>اللي اقدر استخدمه خارخ وداخل السعوديه ؟؟,,221,,2025-08-20 18:04:04+00:00,
طيب هي الفيزا مثل الأتمان اقدر اخذ منها فلوس بعدين اسدد,,187,,2025-08-21 08:49:34+00:00,
بيض الله وجهك عاوز استعملها في مصر هل البطاقة البلاستيكية والا كيف دولي,,524,,2025-08-21 16:08:37+00:00,
ازاي اطلب بطاقه البيرق من مصر,,112,,2025-08-22 12:56:00+00:00,
تبع بنك ايه,,388,,2025-08-23 13:07:18+00:00,
تبع بنك ايه فى السعوديه,,111,,2025-08-23 13:09:05+00:00,
كيف افعل بطاقه برق مدى البلاستكيه؛؟,,316,,2025-08-24 10:12:15+00:00,
استطيع اسحب فلوس من البطاقة عبر اي مكينة سحب,,220,,2025-08-25 23:59:22+00:00,
طيب فيه عندي بطايق ثانيه زي حقت عمله الريال السعودي يمديني اسحب منها وفيها كاش باك ؟ ولا مب زي مدى,,277,,2025-08-26 14:19:00+00:00,
انا ابناء عندي بطاقه فيزا بس اقدر اطلع مدى,,276,,2025-08-27 00:42:10+00:00,
انا يوصل لنفاذ ومايكمل 😢يقول سجلي خروج واذا سجلت خروج يكرر,,523,,2025-08-27 11:03:32+00:00,
طيب ياخي الفيزا مكتوب عندها مجانا مدى الحياه بطاقه مدى موب موجود فيها الكلام ذا يعني,,219,,2025-08-27 18:59:55+00:00,
طيب عند بطاقه فيزا مكتوب مجانا مدى الحياة اما مدى لا ليش ووش يعني الشي ذا,,275,,2025-08-27 19:45:59+00:00,
برق فاشل وربي جمدو حسابي فيه ٨٠٠ريال,,56,,2025-08-28 16:04:55+00:00,
برق فاشل حسابي تجمد فيه ٨٠٠ ريال,,274,,2025-08-28 16:06:34+00:00,
ازاي استفيد من الكاش باك,,387,,2025-08-28 17:17:01+00:00,
زائر ينفع؟,,18,,2025-08-29 14:42:44+00:00,
طيب كيف ادخل مدى رش,,273,,2025-08-29 17:14:33+00:00,
يااخوي بالله عليك عادي الي عنده إيقاف خدمات يستخدمها بدون ما يجمدو الحساب,,315,,2025-08-30 06:42:51+00:00,
طيب ليش دوله اليمن ماتطلع,,83,,2025-08-30 21:44:35+00:00,
الله يعافيكم ودي اعرف وش حكم عجله الحظ ؟ لان المحفظه جازت لي بس متردد على موضوع العجله . بحثت وماحصلت اجابه,,272,,2025-09-01 02:38:04+00:00,
ليش حذفتم اليمن من بين الدول للحوالات,,55,,2025-09-02 22:32:04+00:00,
اليمن ليش ماهيه موجوده,,82,,2025-09-02 23:18:53+00:00,
فاشل والله,,17,,2025-09-03 06:19:41+00:00,
هلا,,110,,2025-09-07 13:12:09+00:00,
لو سمحتو انا استخدمت الصرافه ف مصر بس اتعطلت فجائه,,314,,2025-09-07 18:28:39+00:00,
البطاقه كانت شغاله سحب من اي بنك والان شغااله مشتريات فقط,,522,,2025-09-07 22:39:25+00:00,
لاحد يتعامل مع محفضة برق نصب وحتيال,,16,,2025-09-08 09:11:28+00:00,
يعني اشحنها بالريال واسحب بأي عملة اجنبية؟<br>ما الفرق بينها وبين سفر بلس؟,,386,,2025-09-08 18:44:18+00:00,
"يوم قلت رسيم <a href=""https://www.youtube.com/watch?v=ZBTYZMnBTSk&amp;t=170"">2:50</a> احسن شي بس لا تقول برسيم همن يوكل",,521,,2025-09-09 00:08:29+00:00,
انا بالكويت يصير انزله,,520,,2025-09-09 12:44:04+00:00,
كيف حالك استخدمها في السفر لازم بطاقه بلاستيكية,,385,,2025-09-10 16:57:34+00:00,
ابرقي ياعين<br><br>غناها المرحوم عبدالرحمن السعيد<br><br>الله<br>وين رجعتنا لهذي الاغنيه,,133,,2025-09-11 17:33:47+00:00,
لماذا تم حذف اليمن من التحويل الدولي <br>حيث انه اكثر مستخدمي برق من اليمن,,54,,2025-09-12 09:29:33+00:00,
وكيف استفيد من المبالغ التوفيريه بحسابي <br>كيف اضيفها الى حسابي,,53,,2025-09-12 09:30:07+00:00,
يا غالي الحد 4000 في اليوم ولا كيف؟<br>في حد تاني جرب يسحب منها في مصر ؟,,109,,2025-09-12 10:01:18+00:00,
كيف اشحنها ؟؟ هل لها حد معين للشراء,,169,,2025-09-12 19:54:05+00:00,
كم العمر المناسب أنه يطلع غير متطابق الهويه وا تاريخ الميلاد,,519,,2025-09-13 16:24:52+00:00,
كيف اسدد فاتورة في برق,,81,,2025-09-15 10:06:41+00:00,
هل الفيزا  برق هاته محلية والتسحيل بها خاص بالسعوديين فقط؟؟,,168,,2025-09-17 15:40:42+00:00,
طيب اي الحل لان جيت اسحب بصراف برق من البنك الاهلي المصري والفلوس لم تطلع من الماكينه واتخصمت من الحساب؟,,108,,2025-09-17 22:41:12+00:00,
انا عندي مشكله كل ما احول اطلع بطاقة اسوي كل الإجراءات لما اخلص يرجعني من اول و جديد ايش الحل,,518,,2025-09-18 12:15:31+00:00,
كيف اصدر بطاقة بلاستكية تجيني البيت انا اصدر البطاقة من التطبيق وطلعتلي بطلقة الرقمية فقط وانا احتاج نفس البطاقة توصل عندي,,107,,2025-09-21 03:14:30+00:00,
البطافة وصلتني لكن اذا بفعلها عن طريق التطبيق سواء رسالة نصية او عن طريق ال NFC تطلع رسالة محتواها ( يرجى التحقق اذا كنت قد قمت بالفعل بطلب البطاقة و التحقق من حالتها ) مدري وش المشكلة  ؟؟؟,,313,,2025-09-21 22:43:29+00:00,
الراجحي ياخذ رسوم اذا حولة على برق,,106,,2025-09-22 14:33:51+00:00,
انا جربتها لازم قبل ماتسحب تنتبه لشاشة الصراف لانه يعرض لك اذا كان فيه عموله ام لا,,132,,2025-09-23 14:48:03+00:00,
احسن بطاقتين للسفر باختصار واريح ومرنه غطت على بطاقة السفر والمسافر والعملات,,384,,2025-09-23 15:32:51+00:00,
احلى بطاقة استخدمتها في اذربيجان والامارات ولاعمرها توقفت معي لا في نقاط البيع ولا سحب كاش,,167,,2025-09-23 15:34:20+00:00,
انا عندي مشكله بتسجيل  لم ادخل الرقم الاول بيفتح التطبيق وكل شئ بس لم بسجل باقي البيانات بيجيلي دولة برتخال بالرقم وبحاول اخير الدوله ما بيتخير,,517,,2025-09-23 19:14:17+00:00,
ما جيني السعودية ذي ما ظهر عند بالداخل,,516,,2025-09-23 19:14:42+00:00,
شكرا جزيلا على هذا الشرح الوافي والسريع بدون مطمطه زايده ممتن لك يا أخي الكريم,,515,,2025-09-24 21:16:04+00:00,
اغير رقم التليفون ازاي,,218,,2025-09-26 10:35:53+00:00,
وش احط في مكان الميلاد  وانا في السعودية لم يظرلي السعودية او مكة المكرمة,,514,,2025-09-26 19:03:26+00:00,
طيب انت طلعت البطاقة و حطيت عند البلاستيكه لا شكرا والحين ابيها كيف اطلعها ؟,,513,,2025-09-26 19:22:53+00:00,
بطاقة مدى برق تستخدم في دبي ؟؟؟,,271,,2025-09-27 10:36:17+00:00,
هل تسحب حتى بعد انتهاء الاقامه ؟,,131,,2025-09-27 12:11:54+00:00,
مركز الألعاب ما طلعلي وابي اطلب بطاقة البلاستيكية ما طلع لي لمكان الي بيبينوه في لفيديوهات تواسلت مع دعم حاطين ربوت يرد على شي الي مبرمجينه عليه ما فادني بشي اتصل عليهم محد يرد برق شافشلين جدا الي باقي ما فتح فيه حساب ما انصحو اذا صار مع ايي مشكل ما في فرع ولى في احد يرد عليك فاشليييييين,,15,,2025-09-27 19:00:29+00:00,
عندي حساب سويت تسجيل خروج وابغى ارجع رفض الا تسجيل جديد,,512,,2025-09-27 19:16:35+00:00,
برق افضل شي ماتستخدمها الجمعه والسبت يصر غلط في العمليات,,105,,2025-09-28 10:16:32+00:00,
ممكن شرح لان يقول لي تم الرفض ؟,,511,,2025-09-30 19:38:16+00:00,
كيف اطلع رقم الحساب والايبان ؟؟,,270,,2025-10-01 11:14:53+00:00,
ابغى اعرف الايبان والحساب,,383,,2025-10-01 11:16:10+00:00,
كيف نودع في الحساب ؟؟اذا معانا كاش ونبغا نودع,,510,,2025-10-02 01:50:34+00:00,
كيف أنشط البطاقة؟,,509,,2025-10-02 09:33:14+00:00,
ما جاني طلب البطاقة بالبلاستيكية,,430,,2025-10-04 09:55:57+00:00,
يجيني تم حظر حسابك ايش الحل,,508,,2025-10-05 04:01:04+00:00,
انا في السعودي لدي بطاقة برق هل يمكنلي ان اسحب من مصر ارجو الرد,,104,,2025-10-05 14:40:47+00:00,
ممكن فيديو لتعليم رفع التذكرة ضرورى إذا سمحت,,269,,2025-10-05 15:47:56+00:00,
توثيق الشروط والاحكام  مايشتغل معي للحين معلقه البطاقة في الجوال ماقدر اسوي تأكيد ؟!,,14,,2025-10-05 21:50:39+00:00,
‏برنامج مش راضي يفتح معايا,,13,,2025-10-07 00:58:09+00:00,
كيف اسوي ايداع في صرافه برق,,103,,2025-10-08 16:30:51+00:00,
ينفع اسحب منها وانا ف مصر والاا المملكه بس,,429,,2025-10-08 17:06:23+00:00,
المحفظة واحدة واذا عندك فيزا او مدى من برق كل عملياتك سواءا سحب او تحويل ولا تسديد الخصم يصير من المحفظة <br>صححو لي اذا غلطان,,268,,2025-10-08 20:45:38+00:00,
طيب كيف اعرف رقم حسباتي وانا عندي اكثر من بطاقه,,12,,2025-10-09 09:09:02+00:00,
طلبتها ودخلت افعلها من التطبيق  ثلاث ايام ما تفعلات,,312,,2025-10-16 10:38:45+00:00,
الله يحفظكم والله افضل تطبيق🎉,,52,,2025-10-18 00:02:40+00:00,
كم حد السحب اليومي خارج المملكة؟,,382,,2025-10-18 18:35:25+00:00,
عندي سؤال.. الحين اذا جيت مسافرة كيف اسوي اصدار للبطاقة عشان توصلني,,186,,2025-10-19 01:48:44+00:00,
يا اخي تطبيق برق انتهاء الاقامه وا توقف المحفظه وبعدين جددتها واجي احدث الملف الشخصي اجي اسوي تحدث ما يتحدث,,507,,2025-10-20 04:50:41+00:00,
لماذا بطاقه فيز لاتقبلها مكينة الصراف الالى فى السعوديه,,267,,2025-10-20 18:18:15+00:00,
طيب الصراف برق زي الصرافه الراجحي وكذا ولا بس لتطبيق ذا ؟,,11,,2025-10-21 16:12:17+00:00,
كيف اعمل ايداع من داخل مصر ؟ <br>وبيصير عن طريق ATM ?داخل مصر,,102,,2025-10-21 17:38:36+00:00,
متى تبدأ المسابقة؟,,506,,2025-10-22 21:22:05+00:00,
وين سعر الصرف..!!!,,101,,2025-10-24 07:59:19+00:00,
أنا كنت قبل ايام في إسطنبول صرافات  البنوك ياخذون عمولة &quot;الكاش مشين&quot; تصل إلى ١٠٪؜ !! تبي تقول بدون إيصال او اظغط على يسار الشاشة فيك فيك العمولة لكن طبعاً المشتريات ليست عليها عمولةنفس  سعر الكاش 👍🏼 اقول الي يقدر يتحمل ولاهب مثلي يأخذ معه كاش 💵 قديمك نديمك لو جديدك أغناك 🎵,,130,,2025-10-25 16:12:38+00:00,
خانه الاسم بتجى المدخل غير صالح,,80,,2025-10-25 21:04:52+00:00,
هل اقدر اضيف فيها فلوس من فيزا واحولها على الراجحي,,505,,2025-10-26 15:30:57+00:00,
الذي يرغب في بطاقة بلاستيكية يختار البطاقة الخضراء مكتوب بطاقة برق وفيها علامة برق وفيزا فقط بدون علامة مدى,,428,,2025-10-26 21:48:58+00:00,
يا ادارة برق يا جماعة الخير <br><br>ايش صار لكم انا كنت دائم احول من عليكم وعملت تحويلات كتير اوي من عندكم بس المره دي من يوم ١٨ اكتوبر والتحويل ذلتوني عليه واكلم خدمة العملاء ويقولوا بنصعد المشكله <br><br><br><br>وعالحال ده من يوم ٢٠ اكتوبر <br><br><br><br>وفتحت تذكرة شكوي للتاخير وحوارات كتير ليه كده انا للاسف فقدت الثقه نهائيا بالبرنامج <br><br><br><br>ايه الي يذلني الذل ده برنامج شغال بمزاجه <br><br><br><br>وخذمة عملاء بمزاجها <br><br><br><br>والبرنامج اكيد شويه وهيسكر دام فيه مشاكل غير مفهومه <br><br><br><br>احذروا يا جماعه,,10,,2025-10-27 17:07:17+00:00,
يا ادارة برق يا جماعة الخير <br><br>ايش صار لكم انا كنت دائم احول من عليكم وعملت تحويلات كتير اوي من عندكم بس المره دي من يوم ١٨ اكتوبر والتحويل ذلتوني عليه واكلم خدمة العملاء ويقولوا بنصعد المشكله <br><br><br><br>وعالحال ده من يوم ٢٠ اكتوبر <br><br><br><br>وفتحت تذكرة شكوي للتاخير وحوارات كتير ليه كده انا للاسف فقدت الثقه نهائيا بالبرنامج <br><br><br><br>ايه الي يذلني الذل ده برنامج شغال بمزاجه <br><br><br><br>وخذمة عملاء بمزاجها <br><br><br><br>والبرنامج اكيد شويه وهيسكر دام فيه مشاكل غير مفهومه <br><br><br><br>احذروا يا جماعه,,504,,2025-10-27 17:07:37+00:00,
يا ادارة برق يا جماعة الخير <br><br>ايش صار لكم انا كنت دائم احول من عليكم وعملت تحويلات كتير اوي من عندكم بس المره دي من يوم ١٨ اكتوبر والتحويل ذلتوني عليه واكلم خدمة العملاء ويقولوا بنصعد المشكله <br><br><br><br>وعالحال ده من يوم ٢٠ اكتوبر <br><br><br><br>وفتحت تذكرة شكوي للتاخير وحوارات كتير ليه كده انا للاسف فقدت الثقه نهائيا بالبرنامج <br><br><br><br>ايه الي يذلني الذل ده برنامج شغال بمزاجه <br><br><br><br>وخذمة عملاء بمزاجها <br><br><br><br>والبرنامج اكيد شويه وهيسكر دام فيه مشاكل غير مفهومه <br><br><br><br>احذروا يا جماعه,,381,,2025-10-27 17:08:35+00:00,
ما يجيني رقم يجيني الهويه ويوم احطها يقول غلط وانا متأكد منها,,503,,2025-10-27 22:01:17+00:00,
كيف اسجل,,9,,2025-10-28 18:40:06+00:00,
لو هويتي منتهيه اقدر استخدم الحساب او البطاقه,,502,,2025-10-29 16:26:14+00:00,
نصابين مايطلع لي الا %0.4 في كل العمليات,,185,,2025-10-30 12:10:23+00:00,
سويت كل شي وماجاني اتصال ايش الحل😢,,427,,2025-10-30 18:29:14+00:00,
انا سجلت الجوال وجيت عند التحقق من الهويه حطيت الهويه وتاريخ الميلاد ويقول غير متطابقه وانا متأكد منها الي عنده حل يساعدني,,501,,2025-10-31 13:35:45+00:00,
يقولي طلبي قيد الانتظار ما توثق بسرعة,,500,,2025-10-31 17:06:30+00:00,
ليش ماتطلع عندي عجلت الحظ,,51,,2025-10-31 22:54:34+00:00,
نصابين وربي اول مسدد فاتوره كهرباء بي 2200 معطيني 8 ريال يسوقون امها,,50,,2025-11-01 01:58:48+00:00,
يا عيال تكفون حسابي محظور كيف افتح الحظر حتى خدمه العملا ما يردون,,184,,2025-11-01 17:11:22+00:00,
معطله لها يومين,,166,,2025-11-02 13:13:21+00:00,
طيب هل تربط البايبال وكيف السحب منه,,165,,2025-11-02 13:31:45+00:00,
انتبهو منهم نصابين ويجمدون الحسابات,,266,,2025-11-02 14:26:06+00:00,
بتشتغل في كل الدول؟؟؟,,499,,2025-11-03 09:57:50+00:00,
طيب ليه ما اقدر اسحب ؟,,265,,2025-11-05 04:50:07+00:00,
أنا عندي بطاقة اليوم الوطني كيف اقدر اسوي  لها طلب؟,,164,,2025-11-08 19:11:32+00:00,
انا طلبت مدى او ضروري برق,,498,,2025-11-11 08:41:27+00:00,
كيف اطلع رمز الدعوة,,497,,2025-11-11 17:47:06+00:00,
الزيك يا مدير الزاي أحوط فلوس ف بطاقه برق,,264,,2025-11-12 16:43:25+00:00,
كيف احط موقعي عشان استلم البطاقه بصرحه فيها صعوبه شويه لان الموقع مو راضي ينضاف,,496,,2025-11-13 20:49:33+00:00,
هل مكتوب فيها اسم الشخص؟,,311,,2025-11-15 11:23:16+00:00,
على ساس بحط ٧٢ الف فيهل 😂  بحط مبلغ مقاضي ممكن  المبالغ القويه البنوك مثل الراجحي او الاهلي او بنك معروف الصدق,,8,,2025-11-17 18:03:08+00:00,
والحوالات البنكيه توصل في نفس الدقيقه وأقدر اخلي الناس تحول  لي من بنك على برق لانه فيه  رقم حساب 😍😍😍😍😍,,183,,2025-11-20 15:16:04+00:00,
توصيلهم سريع ومجانا البطاقه والتوصيل,,182,,2025-11-20 15:30:35+00:00,
ايش الفرق بين الثلاثه الوان,,426,,2025-11-20 17:22:20+00:00,
برق نصابين ومحتالين اهربو منهم نصيحه,,263,,2025-11-20 18:16:25+00:00,
ممكن طريقه طباعه الآيبان في برق,,7,,2025-11-20 23:36:56+00:00,
لو سمحت أنا يوم كنت افعلها ضبطت معي لكن ونا ادخل المعلومات ما طلع لي البطاقه البلاستيكيه <br><br>البطاقه الي طلعتها الي عليها حرف الريال الجديده <br><br>خشيت الإعدادات احاول اطلبها ماعرفت ؟,,310,,2025-11-22 07:56:23+00:00,
كذب,,49,,2025-11-22 15:28:18+00:00,
كيف ارفع الحد,,100,,2025-11-22 16:40:26+00:00,
بصراحه سيئه فتحت لبنتي حساب ابناء حطيت في فلوس مو راضيه تحاسب ولا في مكان وماقدرت استرجع المبلغ اللي حطيته فيها حتى في محطه البنزين ماتشتغل خايسه بغير الاعدادات ماترضى اسواء بطاقه,,262,,2025-11-23 11:49:27+00:00,
الله يعطيك العافية وجزاك الله خير ، بس عندي سؤال انا حسابي غير متاح يقولي اضغط على زر التحديث لتنشيط حسابك ، السؤال هو كيف انشط حسابي ؟,,495,,2025-11-24 04:56:58+00:00,
طلبت البطاقة ولم تصلني من 3 ايام هل بتتاخر,,309,,2025-11-25 13:49:36+00:00,
كيف أنشط البطاقة,,181,,2025-11-26 10:54:48+00:00,
في مصر بدون رسوم فقط من صرافات بنك مصر والبنك الاهلي ..  والبقيه ياخذو عموله انتبهو اللي مسافر مصر,,129,,2025-11-26 18:41:00+00:00,
هل أقدر أضيفها ل سامسونق باي وقوقل باي لن حاولت وقالو غير مدعوم الدفع اللمسي,,308,,2025-11-27 13:16:06+00:00,
سلام عليكم انا فتحت حساب برق وطلبت بطاقه ولان انا خايف يقولون اذا دخلت فيها فلوس يتوقف حسابك,,307,,2025-11-29 00:01:39+00:00,
جزاك الله خيرا,,494,,2025-11-29 01:30:28+00:00,
التطبيق محضور عندي ايش المشكلة,,493,,2025-12-01 11:27:41+00:00,
جزاك الله خيرا,,492,,2025-12-02 14:41:47+00:00,
الله ياخذكم ليتني معرفت محفضه برق قفلو حسابي وفيها فلوسي,,6,,2025-12-05 04:13:00+00:00,
كيف اطلعها,,180,,2025-12-05 12:19:34+00:00,
عندي بالجوال بس كيف اطلع الفيزا <br>كل ماسوت الخطوط مايعطيني,,179,,2025-12-05 12:20:20+00:00,
بس انا بل يمن ويقول للاسف لنخدم المستفيدين الجدد علا هاذا الموقع تكفى طريقه لتخطي,,491,,2025-12-06 00:26:34+00:00,
عندنا مساطيل <br>مسهلين كل شي للعمالة علشان تحول اموالها بكل سعولة وبدون ضرايب,,128,,2025-12-06 14:38:07+00:00,
هل مجانا أحصل عليها أو يوجد رسوم للحصول ع البطاقة البلاستيكيه,,425,,2025-12-07 00:41:44+00:00,
هل مناسبه في بوكينج وعلي اكسبرس وعلي بابا,,490,,2025-12-08 00:34:11+00:00,
هل اقدر اضيفها مثلا في تابي او تمارا,,306,,2025-12-08 07:05:05+00:00,
يخي حد يفيدني هل يشتغل في عمان,,261,,2025-12-08 14:43:43+00:00,
ممكن رابط,,163,,2025-12-08 18:45:46+00:00,
المشكله في برق تعديل المستفيد لايوجد حوالات برق,,79,,2025-12-10 07:34:30+00:00,
أنا عندي ايقاف خدمات وينزلي راتب يقدر احد يحولي,,380,,2025-12-11 04:29:18+00:00,
الأكثر توفيراً لفلوسك هو: جلبها كاش بالعملة السعودية وتحويلها في محلات الصرافة المعتمدة . برق وغيرها تاخذ على كل عمليه دفع شبكه تاخذ منك عموله ٢،٥ ٪ وكل عمليه سحب من مكائن الصراف atm ياخذون منك اكثر واكثر بينما لو اخذت فلوسك كاش فلوس سعوديه وحولتها طبيعي من محلات الصرافه ماياخذون الا هامش ربح رمزي<br>إقرا التالي 👎🏻<br>&quot;رسوم تحويل العملة الأجنبية: نسبة مئوية تتراوح بين 2.5% إلى 3% تفرضها الجهة المصدرة لبطاقتك (البنك السعودي) على كل عملية&quot;,,127,,2025-12-11 04:29:56+00:00,
احذروا من دجاجله التسويق 😊<br>الأكثر توفيراً لفلوسك هو: جلبها كاش بالعملة السعودية وتحويلها في محلات الصرافة المعتمدة . برق وغيرها تاخذ على كل عمليه دفع شبكه(نقاط بيع) تاخذ منك عموله ٢،٥ ٪ وكل عمليه سحب من مكائن الصراف atm ياخذون منك اكثر واكثر(تصل الى ٣٠ ريال) بينما لو اخذت فلوسك كاش فلوس سعوديه وحولتها طبيعي من محلات الصرافه ماياخذون الصرافين الا هامش ربح رمزي برق وغيرها ما استبعد انها تدفع اكثر من نصف ارباحها  لاغراق وسائل التواصل الاجتماعي  بمعلنين دجاجلة فقط لمهمة اقناعك انك ربحان بالكذب والدجل إقرا التالي 👎🏻<br>&quot;رسوم تحويل العملة الأجنبية: نسبة مئوية تتراوح بين 2.5% إلى 3% تفرضها الجهة المصدرة لبطاقتك (البنك السعودي) على كل عملية&quot;,,99,,2025-12-11 04:53:23+00:00,
😊 احذروا دجاجله التسويق <br>نعم، يوجد رسوم تحويل عملة في بطاقة &quot;برق&quot; عندما تستخدمها في إندونيسيا (أو أي بلد خارج المملكة العربية السعودية).<br>بطاقة &quot;برق&quot; هي بطاقة خصم أو ائتمان عادية صادرة محلياً (ليست بطاقة عملات متعددة مثل &quot;بطاقة المسافر&quot;).<br>تفاصيل الرسوم:<br>رسوم تحويل العملة الأجنبية (Foreign Exchange Fee): هذه هي الرسوم الرئيسية، وهي عبارة عن نسبة مئوية تفرضها الجهة المصدرة للبطاقة (البنك السعودي) على كل عملية شراء أو سحب تجريها بعملة غير الريال السعودي (مثل الروبية الإندونيسية).<br>النسبة الشائعة لهذه الرسوم تتراوح بين 2.5% إلى 3% من قيمة العملية.<br>رسوم الصرف (Mark-up on Exchange Rate): بالإضافة إلى الرسوم المئوية، فإن البنك يطبق سعر صرف مختلف عن سعر السوق الحقيقي، وهذا يعتبر هامش ربح إضافي له.<br>الخلاصة:<br>كل مرة تدفع فيها بواسطة بطاقة &quot;برق&quot; في إندونيسيا، يتم خصم قيمة المشتريات مضافاً إليها ما يقارب 3% من إجمالي المبلغ كرسوم تحويل عملة. ولهذا السبب، يظل الدفع النقدي (الكاش) بعد الصرافة في مكاتب موثوقة هو الخيار الأوفر.,,162,,2025-12-11 04:58:10+00:00,
احذروا دجاجلة التسويق 😊<br>نعم، يوجد رسوم تحويل عملة في بطاقة &quot;برق&quot; عندما تستخدمها في إندونيسيا (أو أي بلد خارج المملكة العربية السعودية).<br>​بطاقة &quot;برق&quot; هي بطاقة خصم أو ائتمان عادية صادرة محلياً .<br>​تفاصيل الرسوم:<br>​رسوم تحويل العملة الأجنبية (Foreign Exchange Fee): هذه هي الرسوم الرئيسية، وهي عبارة عن نسبة مئوية تفرضها الجهة المصدرة للبطاقة (البنك السعودي) على كل عملية شراء أو سحب تجريها بعملة غير الريال السعودي (مثل الروبية الإندونيسية).<br>​النسبة الشائعة لهذه الرسوم تتراوح بين 2.5% إلى 3% من قيمة العملية.<br>​رسوم الصرف (Mark-up on Exchange Rate): بالإضافة إلى الرسوم المئوية، فإن البنك يطبق سعر صرف مختلف عن سعر السوق الحقيقي، وهذا يعتبر هامش ربح إضافي له.<br>​الخلاصة:<br>كل مرة تدفع فيها بواسطة بطاقة &quot;برق&quot; في إندونيسيا، يتم خصم قيمة المشتريات مضافاً إليها ما يقارب 3% من إجمالي المبلغ كرسوم تحويل عملة. ولهذا السبب، يظل الدفع النقدي (الكاش) بعد الصرافة في مكاتب موثوقة هو الخيار الأوفر.,,379,,2025-12-11 05:14:51+00:00,
احذروا دجاجلة التسويق 😊<br>نعم، يوجد رسوم تحويل عملة في بطاقة &quot;برق&quot; عندما تستخدمها في إندونيسيا (أو أي بلد خارج المملكة العربية السعودية).<br>​بطاقة &quot;برق&quot; هي بطاقة خصم أو ائتمان عادية صادرة محلياً .<br>​تفاصيل الرسوم:<br>​رسوم تحويل العملة الأجنبية (Foreign Exchange Fee): هذه هي الرسوم الرئيسية، وهي عبارة عن نسبة مئوية تفرضها الجهة المصدرة للبطاقة (البنك السعودي) على كل عملية شراء أو سحب تجريها بعملة غير الريال السعودي (مثل الروبية الإندونيسية).<br>​النسبة الشائعة لهذه الرسوم تتراوح بين 2.5% إلى 3% من قيمة العملية.<br>​رسوم الصرف (Mark-up on Exchange Rate): بالإضافة إلى الرسوم المئوية، فإن البنك يطبق سعر صرف مختلف عن سعر السوق الحقيقي، وهذا يعتبر هامش ربح إضافي له.<br>​الخلاصة:<br>كل مرة تدفع فيها بواسطة بطاقة &quot;برق&quot; في إندونيسيا، يتم خصم قيمة المشتريات مضافاً إليها ما يقارب 3% من إجمالي المبلغ كرسوم تحويل عملة. ولهذا السبب، يظل الدفع النقدي (الكاش) بعد الصرافة في مكاتب موثوقة هو الخيار الأوفر.,,378,,2025-12-11 05:16:04+00:00,
افضل بنك في المملكه العربيه السعوديه برق,,48,,2025-12-16 04:59:46+00:00,
ما وضحت كيف نستخرج كشف حساب,,489,,2025-12-17 07:29:16+00:00,
فيزا ولامدى,,126,,2025-12-17 17:16:40+00:00,
ليه ماتشتغل عندي,,47,,2025-12-18 06:05:17+00:00,
كيف افعل الكاش باك؟,,46,,2025-12-18 06:06:22+00:00,
كذابين ولله ماتصدقون هالكلام أنا محول اكتر من ٢٥٠٠ريال وما جاني شي,,45,,2025-12-20 02:26:56+00:00,
المستلم كيف يستلمها ؟,,78,,2025-12-22 10:18:49+00:00,
شباب انا لما احاول اسحب بها فالمنصورة في مصر <br> يقولي تجاوزت الحد اليومي<br>وانا اخر مرة ساحب بها قبل اسبوع اساسا هل في احد واجهته المشكلة هذي وايش حلها<br>يوم احاول,,98,,2025-12-22 18:04:43+00:00,
الموسيقى ازعاااج🤦‍♂️,,5,,2025-12-23 07:11:52+00:00,
عندها عيب تصرف ٥ صرفات في الشهر بس,,125,,2025-12-24 16:47:20+00:00,
سلام اخي من فظلك هل فيها فيزا افتراضية وهل ينفع نطلبها من الجزائر وهل تفعل البايبال. مشكور .,,161,,2025-12-25 12:04:32+00:00,
تصرف امنه 😅,,124,,2025-12-25 12:11:27+00:00,
فيها دخول صلات,,160,,2025-12-25 23:08:53+00:00,
عليه رسوم,,424,,2025-12-28 03:32:17+00:00,
مشكله برق اذا حولت بنك محلي لاتوصل الحواله الي بعد 10ساعات,,44,,2025-12-28 16:14:58+00:00,
المشكله متقدر تعل بها ايداع,,159,,2025-12-29 02:15:28+00:00,
حاليا يور بي افضل من برق 👌🏻,,43,,2025-12-29 13:48:21+00:00,
ازى اكلم خدمة العملاء في مصر لأنها مبتسحبش في فلوس,,97,,2025-12-31 08:13:48+00:00,
